# 09丨子查询：子查询的种类都有哪些，如何提高子查询的性能？

上节课我讲到了聚集函数，以及如何对数据进行分组统计，可以说我们之前讲的内容都是围绕单个表的 SELECT 查询展开的，实际上 SQL 还允许我们进行子查询，也就是嵌套在查询中的查询。这样做的好处是可以让我们进行更复杂的查询，同时更加容易理解查询的过程。**因为很多时候，我们无法直接从数据表中得到查询结果，需要从查询结果集中再次进行查询，才能得到想要的结果。这个“查询结果集”就是今天我们要讲的子查询**。

通过今天的文章，我希望你可以掌握以下的内容：

1. 子查询可以分为关联子查询和非关联子查询。我会举一个 NBA 数据库查询的例子，告诉你什么是关联子查询，什么是非关联子查询；
2. 子查询中有一些关键词，可以方便我们对子查询的结果进行比较。比如存在性检测子查询，也就是 EXISTS 子查询，以及集合比较子查询，其中集合比较子查询关键词有 IN、SOME、 ANY 和 ALL，这些关键词在子查询中的作用是什么；
3. 子查询也可以作为主查询的列，我们如何使用子查询作为计算字段出现在 SELECT 查询中呢？

## 一、什么是关联子查询，什么是非关联子查询

子查询虽然是一种嵌套查询的形式，不过我们依然可以依据子查询是否执行多次，从而将子查询划分为关联子查询和非关联子查询。

**子查询从数据表中查询了数据结果，如果这个数据结果只执行一次，然后这个数据结果作为主查询的条件进行执行，那么这样的子查询叫做非关联子查询。**

**同样，如果子查询需要执行多次，即采用循环的方式，先从外部查询开始，每次都传入子查询进行查询，然后再将结果反馈给外部，这种嵌套的执行方式就称为关联子查询。**

单说概念有点抽象，我们用数据表举例说明一下。这里我创建了 NBA 球员数据库，SQL 文件你可以从[GitHub](https://github.com/cystanford/sql_nba_data)上下载。

文件中一共包括了 5 张表，player 表为球员表，team 为球队表，team_score 为球队比赛表，player_score 为球员比赛成绩表，height_grades 为球员身高对应的等级表。

其中 player 表，也就是球员表，一共有 37 个球员，如下所示：

```mysql
SET NAMES utf8mb4;
SET FOREIGN_KEY_CHECKS = 0;

-- ----------------------------
-- Table structure for player
-- ----------------------------
DROP TABLE IF EXISTS `player`;
CREATE TABLE `player`  (
  `player_id` int(11) NOT NULL AUTO_INCREMENT COMMENT '球员ID',
  `team_id` int(11) NOT NULL COMMENT '球队ID',
  `player_name` varchar(255) CHARACTER SET utf8 COLLATE utf8_general_ci NOT NULL COMMENT '球员姓名',
  `height` float(3, 2) NULL DEFAULT NULL COMMENT '球员身高',
  PRIMARY KEY (`player_id`) USING BTREE,
  UNIQUE INDEX `player_name`(`player_name`) USING BTREE
) ENGINE = InnoDB CHARACTER SET = utf8 COLLATE = utf8_general_ci ROW_FORMAT = Dynamic;

-- ----------------------------
-- Records of player
-- ----------------------------
INSERT INTO `player` VALUES (10001, 1001, '韦恩-艾灵顿', 1.93);
INSERT INTO `player` VALUES (10002, 1001, '雷吉-杰克逊', 1.91);
INSERT INTO `player` VALUES (10003, 1001, '安德烈-德拉蒙德', 2.11);
INSERT INTO `player` VALUES (10004, 1001, '索恩-马克', 2.16);
INSERT INTO `player` VALUES (10005, 1001, '布鲁斯-布朗', 1.96);
INSERT INTO `player` VALUES (10006, 1001, '兰斯顿-加洛韦', 1.88);
INSERT INTO `player` VALUES (10007, 1001, '格伦-罗宾逊三世', 1.98);
INSERT INTO `player` VALUES (10008, 1001, '伊斯梅尔-史密斯', 1.83);
INSERT INTO `player` VALUES (10009, 1001, '扎扎-帕楚里亚', 2.11);
INSERT INTO `player` VALUES (10010, 1001, '乔恩-洛伊尔', 2.08);
INSERT INTO `player` VALUES (10011, 1001, '布雷克-格里芬', 2.08);
INSERT INTO `player` VALUES (10012, 1001, '雷吉-巴洛克', 2.01);
INSERT INTO `player` VALUES (10013, 1001, '卢克-肯纳德', 1.96);
INSERT INTO `player` VALUES (10014, 1001, '斯坦利-约翰逊', 2.01);
INSERT INTO `player` VALUES (10015, 1001, '亨利-埃伦森', 2.11);
INSERT INTO `player` VALUES (10016, 1001, '凯里-托马斯', 1.91);
INSERT INTO `player` VALUES (10017, 1001, '何塞-卡尔德隆', 1.91);
INSERT INTO `player` VALUES (10018, 1001, '斯维亚托斯拉夫-米凯卢克', 2.03);
INSERT INTO `player` VALUES (10019, 1001, '扎克-洛夫顿', 1.93);
INSERT INTO `player` VALUES (10020, 1001, '卡林-卢卡斯', 1.85);
INSERT INTO `player` VALUES (10021, 1002, '维克多-奥拉迪波', 1.93);
INSERT INTO `player` VALUES (10022, 1002, '博扬-博格达诺维奇', 2.03);
INSERT INTO `player` VALUES (10023, 1002, '多曼塔斯-萨博尼斯', 2.11);
INSERT INTO `player` VALUES (10024, 1002, '迈尔斯-特纳', 2.11);
INSERT INTO `player` VALUES (10025, 1002, '赛迪斯-杨', 2.03);
INSERT INTO `player` VALUES (10026, 1002, '达伦-科里森', 1.83);
INSERT INTO `player` VALUES (10027, 1002, '韦斯利-马修斯', 1.96);
INSERT INTO `player` VALUES (10028, 1002, '泰瑞克-埃文斯', 1.98);
INSERT INTO `player` VALUES (10029, 1002, '道格-迈克德莫特', 2.03);
INSERT INTO `player` VALUES (10030, 1002, '科里-约瑟夫', 1.91);
INSERT INTO `player` VALUES (10031, 1002, '阿龙-霍勒迪', 1.85);
INSERT INTO `player` VALUES (10032, 1002, 'TJ-利夫', 2.08);
INSERT INTO `player` VALUES (10033, 1002, '凯尔-奥奎因', 2.08);
INSERT INTO `player` VALUES (10034, 1002, '埃德蒙-萨姆纳', 1.96);
INSERT INTO `player` VALUES (10035, 1002, '达文-里德', 1.98);
INSERT INTO `player` VALUES (10036, 1002, '阿利兹-约翰逊', 2.06);
INSERT INTO `player` VALUES (10037, 1002, '伊凯·阿尼博古', 2.08);

SET FOREIGN_KEY_CHECKS = 1;
```

team 表为球队表，一共有 3 支球队，如下所示：

```mysql
SET NAMES utf8mb4;
SET FOREIGN_KEY_CHECKS = 0;

-- ----------------------------
-- Table structure for team
-- ----------------------------
DROP TABLE IF EXISTS `team`;
CREATE TABLE `team`  (
  `team_id` int(11) NOT NULL COMMENT '球队ID',
  `team_name` varchar(255) CHARACTER SET utf8 COLLATE utf8_general_ci NOT NULL COMMENT '球队名称',
  PRIMARY KEY (`team_id`) USING BTREE
) ENGINE = InnoDB CHARACTER SET = utf8 COLLATE = utf8_general_ci ROW_FORMAT = Dynamic;

-- ----------------------------
-- Records of team
-- ----------------------------
INSERT INTO `team` VALUES (1001, '底特律活塞');
INSERT INTO `team` VALUES (1002, '印第安纳步行者');
INSERT INTO `team` VALUES (1003, '亚特兰大老鹰');

SET FOREIGN_KEY_CHECKS = 1;
```

team_score 表为球队比赛成绩表，一共记录了两场比赛的成绩，如下所示：

```mysql
SET NAMES utf8mb4;
SET FOREIGN_KEY_CHECKS = 0;

-- ----------------------------
-- Table structure for team_score
-- ----------------------------
DROP TABLE IF EXISTS `team_score`;
CREATE TABLE `team_score`  (
  `game_id` int(11) NOT NULL COMMENT '比赛ID',
  `h_team_id` int(11) NOT NULL COMMENT '主队ID',
  `v_team_id` int(11) NOT NULL COMMENT '客队ID',
  `h_team_score` int(11) NOT NULL COMMENT '主队得分',
  `v_team_score` int(11) NOT NULL COMMENT '客队得分',
  `game_date` date NULL DEFAULT NULL COMMENT '比赛时间',
  PRIMARY KEY (`game_id`) USING BTREE
) ENGINE = InnoDB CHARACTER SET = utf8 COLLATE = utf8_general_ci ROW_FORMAT = Dynamic;

-- ----------------------------
-- Records of team_score
-- ----------------------------
INSERT INTO `team_score` VALUES (10001, 1001, 1002, 102, 111, '2019-04-01');
INSERT INTO `team_score` VALUES (10002, 1002, 1003, 135, 134, '2019-04-10');

SET FOREIGN_KEY_CHECKS = 1;
```

player_score 表为球员比赛成绩表，记录了一场比赛中球员的表现。这张表一共包括 19 个字段，代表的含义如下：

```mysql
SET NAMES utf8mb4;
SET FOREIGN_KEY_CHECKS = 0;

-- ----------------------------
-- Table structure for player_score
-- ----------------------------
DROP TABLE IF EXISTS `player_score`;
CREATE TABLE `player_score`  (
  `game_id` int(11) NOT NULL COMMENT '比赛ID',
  `player_id` int(11) NOT NULL COMMENT '球员ID',
  `is_first` tinyint(1) NOT NULL COMMENT '是否首发',
  `playing_time` int(11) NOT NULL COMMENT '该球员本次比赛出场时间',
  `rebound` int(11) NOT NULL COMMENT '篮板球',
  `rebound_o` int(11) NOT NULL COMMENT '前场篮板',
  `rebound_d` int(11) NOT NULL COMMENT '后场篮板',
  `assist` int(11) NOT NULL COMMENT '助攻',
  `score` int(11) NOT NULL COMMENT '比分',
  `steal` int(11) NOT NULL COMMENT '抢断',
  `blockshot` int(11) NOT NULL COMMENT '盖帽',
  `fault` int(11) NOT NULL COMMENT '失误',
  `foul` int(11) NOT NULL COMMENT '犯规',
  `shoot_attempts` int(11) NOT NULL COMMENT '总出手',
  `shoot_hits` int(11) NOT NULL COMMENT '命中',
  `shoot_3_attempts` int(11) NOT NULL COMMENT '3分出手',
  `shoot_3_hits` int(11) NOT NULL COMMENT '3分命中',
  `shoot_p_attempts` int(11) NOT NULL COMMENT '罚球出手',
  `shoot_p_hits` int(11) NOT NULL COMMENT '罚球命中'
) ENGINE = InnoDB CHARACTER SET = utf8 COLLATE = utf8_general_ci ROW_FORMAT = Dynamic;

-- ----------------------------
-- Records of player_score
-- ----------------------------
INSERT INTO `player_score` VALUES (10001, 10001, 1, 38, 4, 1, 3, 2, 26, 0, 1, 0, 3, 19, 10, 13, 4, 4, 2);
INSERT INTO `player_score` VALUES (10001, 10002, 1, 30, 6, 4, 2, 4, 22, 0, 0, 6, 3, 19, 8, 5, 1, 5, 5);
INSERT INTO `player_score` VALUES (10001, 10003, 1, 37, 17, 7, 10, 5, 18, 4, 0, 3, 4, 18, 8, 1, 0, 5, 2);
INSERT INTO `player_score` VALUES (10001, 10004, 1, 42, 6, 1, 5, 2, 14, 0, 4, 1, 2, 10, 4, 7, 4, 2, 2);
INSERT INTO `player_score` VALUES (10001, 10005, 1, 19, 2, 0, 2, 2, 0, 2, 0, 1, 1, 1, 0, 1, 0, 0, 0);
INSERT INTO `player_score` VALUES (10001, 10006, 0, 23, 2, 2, 0, 1, 9, 1, 0, 0, 2, 10, 3, 3, 2, 1, 1);
INSERT INTO `player_score` VALUES (10001, 10007, 0, 13, 1, 1, 0, 1, 7, 0, 0, 0, 2, 4, 2, 2, 1, 2, 2);
INSERT INTO `player_score` VALUES (10001, 10008, 0, 20, 2, 0, 2, 3, 6, 0, 0, 3, 3, 5, 3, 0, 0, 0, 0);
INSERT INTO `player_score` VALUES (10001, 10009, 0, 11, 1, 0, 1, 1, 0, 0, 0, 1, 4, 0, 0, 0, 0, 0, 0);
INSERT INTO `player_score` VALUES (10001, 10010, 0, 7, 0, 0, 0, 0, 0, 0, 0, 0, 0, 2, 0, 1, 0, 0, 0);
INSERT INTO `player_score` VALUES (10002, 10022, 1, 37, 7, 1, 6, 6, 19, 3, 0, 1, 3, 16, 7, 3, 1, 4, 4);
INSERT INTO `player_score` VALUES (10002, 10025, 1, 34, 9, 1, 8, 5, 19, 0, 0, 5, 1, 12, 8, 0, 0, 4, 3);
INSERT INTO `player_score` VALUES (10002, 10024, 1, 34, 6, 0, 6, 0, 17, 3, 5, 0, 2, 7, 5, 3, 2, 6, 5);
INSERT INTO `player_score` VALUES (10002, 10028, 1, 27, 3, 0, 3, 3, 13, 1, 1, 3, 1, 10, 4, 6, 4, 2, 1);
INSERT INTO `player_score` VALUES (10002, 10030, 1, 31, 1, 0, 1, 3, 4, 2, 0, 1, 2, 9, 2, 3, 0, 0, 0);
INSERT INTO `player_score` VALUES (10002, 10023, 0, 23, 12, 4, 8, 3, 18, 0, 0, 3, 6, 10, 8, 0, 0, 2, 2);
INSERT INTO `player_score` VALUES (10002, 10029, 0, 24, 2, 1, 1, 2, 11, 0, 0, 1, 2, 8, 5, 3, 1, 0, 0);
INSERT INTO `player_score` VALUES (10002, 10031, 0, 25, 1, 0, 1, 5, 10, 0, 1, 2, 3, 4, 3, 3, 2, 4, 2);
INSERT INTO `player_score` VALUES (10002, 10032, 0, 4, 1, 0, 1, 0, 0, 0, 1, 1, 0, 1, 0, 1, 0, 0, 0);

SET FOREIGN_KEY_CHECKS = 1;
```

其中 shoot_attempts 代表总出手的次数，它等于二分球出手和三分球出手次数的总和。比如 2019 年 4 月 1 日，韦恩·艾灵顿在底特律活塞和印第安纳步行者的比赛中，总出手次数为 19，总命中 10，三分球 13 投 4 中，罚球 4 罚 2 中，因此总分 score=(10-4)×2+4×3+2=26，也就是二分球得分 12+ 三分球得分 12+ 罚球得分 2=26。

需要说明的是，通常在工作中，数据表的字段比较多，一开始创建的时候会知道每个字段的定义，过了一段时间再回过头来看，对当初的定义就不那么确定了，容易混淆字段，解决这一问题最好的方式就是做个说明文档，用实例举例。

比如 shoot_attempts 是总出手次数（这里的总出手次数 = 二分球出手次数 + 三分球出手次数，不包括罚球的次数），用上面提到的韦恩·艾灵顿的例子做补充说明，再回过头来看这张表的时候，就可以很容易理解每个字段的定义了。

我们以 NBA 球员数据表为例，假设我们想要知道哪个球员的身高最高，最高身高是多少，就可以采用子查询的方式：

```mysql
mysql> SELECT player_name, height FROM player WHERE height = (SELECT max(height) FROM player);

+---------------+--------+
| player_name   | height |
+---------------+--------+
| 索恩-马克     |   2.16 |
+---------------+--------+
1 row in set (0.00 sec)
```

通过 `SELECT max(height) FROM player` 可以得到最高身高这个数值，结果为 2.16，然后我们再通过 player 这个表，看谁具有这个身高，再进行输出，这样的子查询就是非关联子查询。

**如果子查询的执行依赖于外部查询，通常情况下都是因为子查询中的表用到了外部的表，并进行了条件关联，因此每执行一次外部查询，子查询都要重新计算一次，这样的子查询就称之为关联子查询。比如我们想要查找每个球队中大于平均身高的球员有哪些，并显示他们的球员姓名、身高以及所在球队 ID。**

首先我们需要统计球队的平均身高，即 `SELECT avg(height) FROM player AS b WHERE a.team_id = b.team_id`，然后筛选身高大于这个数值的球员姓名、身高和球队 ID，即：

```mysql
SELECT player_name, height, team_id 
FROM player AS a 
WHERE height > (SELECT avg(height) FROM player AS b WHERE a.team_id = b.team_id)

# 类似于下列语句
SELECT player_name,height,team_id
FROM player AS a
WHERE a.height > (SELECT avg(b.height) FROM player b);

+------------------------------------+--------+---------+
| player_name                        | height | team_id |
+------------------------------------+--------+---------+
| 安德烈-德拉蒙德                    |   2.11 |    1001 |
| 索恩-马克                          |   2.16 |    1001 |
| 扎扎-帕楚里亚                      |   2.11 |    1001 |
| 乔恩-洛伊尔                        |   2.08 |    1001 |
| 布雷克-格里芬                      |   2.08 |    1001 |
| 雷吉-巴洛克                        |   2.01 |    1001 |
| 斯坦利-约翰逊                      |   2.01 |    1001 |
| 亨利-埃伦森                        |   2.11 |    1001 |
| 斯维亚托斯拉夫-米凯卢克            |   2.03 |    1001 |
| 博扬-博格达诺维奇                  |   2.03 |    1002 |
| 多曼塔斯-萨博尼斯                  |   2.11 |    1002 |
| 迈尔斯-特纳                        |   2.11 |    1002 |
| 赛迪斯-杨                          |   2.03 |    1002 |
| 道格-迈克德莫特                    |   2.03 |    1002 |
| TJ-利夫                            |   2.08 |    1002 |
| 凯尔-奥奎因                        |   2.08 |    1002 |
| 阿利兹-约翰逊                      |   2.06 |    1002 |
| 伊凯·阿尼博古                      |   2.08 |    1002 |
+------------------------------------+--------+---------+
18 rows in set (0.00 sec)
```

## 二、EXISTS 子查询

关联子查询通常也会和 EXISTS 一起来使用，EXISTS 子查询用来判断条件是否满足，满足的话为 True，不满足为 False。

比如我们想要看出场过的球员都有哪些，并且显示他们的姓名、球员 ID 和球队 ID。在这个统计中，是否出场是通过 `player_score` 这张表中的球员出场表现来统计的，如果某个球员在 `player_score` 中有出场记录则代表他出场过，这里就使用到了 EXISTS 子查询，即 `EXISTS (SELECT player_id FROM player_score WHERE player.player_id = player_score.player_id)`，然后将它作为筛选的条件，实际上也是关联子查询，即：

```mysql
mysql> SELECT player_id, team_id, player_name FROM player WHERE EXISTS (SELECT player_id FROM player_score WHERE player.player_id = player_score.player_id);

+-----------+---------+---------------------------+
| player_id | team_id | player_name               |
+-----------+---------+---------------------------+
|     10001 |    1001 | 韦恩-艾灵顿               |
|     10002 |    1001 | 雷吉-杰克逊               |
...
|     10031 |    1002 | 阿龙-霍勒迪               |
|     10032 |    1002 | TJ-利夫                   |
+-----------+---------+---------------------------+
19 rows in set (0.31 sec)
```

同样，NOT EXISTS 就是不存在的意思，我们也可以通过 NOT EXISTS 查询不存在于 player_score 表中的球员信息，比如主表中的 player_id 不在子表 player_score 中，判断语句为`NOT EXISTS (SELECT player_id FROM player_score WHERE player.player_id = player_score.player_id)`。整体的 SQL 语句为：

```mysql
 SELECT player_id, team_id, player_name FROM player WHERE NOT EXISTS (SELECT player_id FROM player_score WHERE player.player_id = player_score.player_id);
+-----------+---------+------------------------------------+
| player_id | team_id | player_name                        |
+-----------+---------+------------------------------------+
|     10011 |    1001 | 布雷克-格里芬                      |
|     10012 |    1001 | 雷吉-巴洛克                        |
|     10013 |    1001 | 卢克-肯纳德                        |
|     10014 |    1001 | 斯坦利-约翰逊                      |
|     10015 |    1001 | 亨利-埃伦森                        |
|     10016 |    1001 | 凯里-托马斯                        |
|     10017 |    1001 | 何塞-卡尔德隆                      |
|     10018 |    1001 | 斯维亚托斯拉夫-米凯卢克            |
|     10019 |    1001 | 扎克-洛夫顿                        |
|     10020 |    1001 | 卡林-卢卡斯                        |
|     10021 |    1002 | 维克多-奥拉迪波                    |
|     10026 |    1002 | 达伦-科里森                        |
|     10027 |    1002 | 韦斯利-马修斯                      |
|     10033 |    1002 | 凯尔-奥奎因                        |
|     10034 |    1002 | 埃德蒙-萨姆纳                      |
|     10035 |    1002 | 达文-里德                          |
|     10036 |    1002 | 阿利兹-约翰逊                      |
|     10037 |    1002 | 伊凯·阿尼博古                      |
+-----------+---------+------------------------------------+
18 rows in set (0.00 sec)
```

## 三、集合比较子查询

集合比较子查询的作用是与另一个查询结果集进行比较，我们可以在子查询中使用 IN、ANY、ALL 和 SOME 操作符，它们的含义和英文意义一样：

![image-20220911152920177](09%E4%B8%A8%E5%AD%90%E6%9F%A5%E8%AF%A2%EF%BC%9A%E5%AD%90%E6%9F%A5%E8%AF%A2%E7%9A%84%E7%A7%8D%E7%B1%BB%E9%83%BD%E6%9C%89%E5%93%AA%E4%BA%9B%EF%BC%8C%E5%A6%82%E4%BD%95%E6%8F%90%E9%AB%98%E5%AD%90%E6%9F%A5%E8%AF%A2%E7%9A%84%E6%80%A7%E8%83%BD%EF%BC%9F.resource/image-20220911152920177.png)

还是通过上面那个例子，假设我们想要看出场过的球员都有哪些，可以采用 IN 子查询来进行操作：

```mysql
SELECT player_id, team_id, player_name FROM player WHERE player_id in (SELECT player_id FROM player_score WHERE player.player_id = player_score.player_id)
```

你会发现运行结果和上面的是一样的，那么问题来了，既然 IN 和 EXISTS 都可以得到相同的结果，那么我们该使用 IN 还是 EXISTS 呢？

我们可以把这个模式抽象为：

```mysql
SELECT * FROM A WHERE cc IN (SELECT cc FROM B)

SELECT * FROM A WHERE EXIST (SELECT cc FROM B WHERE B.cc=A.cc)
```

实际上在查询过程中，在我们对 cc 列建立索引的情况下，我们还需要判断表 A 和表 B 的大小。在这里例子当中，**表 A 指的是 player 表，表 B 指的是 player_score 表。如果表 A 比表 B 大，那么 IN 子查询的效率要比 EXIST 子查询效率高，因为这时 B 表中如果对 cc 列进行了索引，那么 IN 子查询的效率就会比较高。**

**同样，如果表 A 比表 B 小，那么使用 EXISTS 子查询效率会更高，因为我们可以使用到 A 表中对 cc 列的索引，而不用从 B 中进行 cc 列的查询。**

了解了 IN 查询后，我们来看下 ANY 和 ALL 子查询。刚才讲到了 ANY 和 ALL 都需要使用比较符，比较符包括了（>）（=）（<）（>=）（<=）和（<>）等。

如果我们想要查询球员表中，比印第安纳步行者（对应的 team_id 为 1002）中任何一个球员身高高的球员的信息，并且输出他们的球员 ID、球员姓名和球员身高，该怎么写呢？首先我们需要找出所有印第安纳步行者队中的球员身高，即`SELECT height FROM player WHERE team_id = 1002`，然后使用 ANY 子查询即：

```mysql
mysql> SELECT player_id, player_name, height FROM player WHERE height > ANY (SELECT height FROM player WHERE team_id = 1002);
+-----------+------------------------------------+--------+
| player_id | player_name                        | height |
+-----------+------------------------------------+--------+
|     10001 | 韦恩-艾灵顿                        |   1.93 |
|     10002 | 雷吉-杰克逊                        |   1.91 |
...
|     10036 | 阿利兹-约翰逊                      |   2.06 |
|     10037 | 伊凯·阿尼博古                      |   2.08 |
+-----------+------------------------------------+--------+
35 rows in set (0.00 sec)
```

运行结果为 35 条，你发现有 2 个人的身高是不如印第安纳步行者的所有球员的。

同样，如果我们想要知道比印第安纳步行者（对应的 team_id 为 1002）中所有球员身高都高的球员的信息，并且输出球员 ID、球员姓名和球员身高，该怎么写呢？

```mysql
SELECT player_id, player_name, height FROM player WHERE height > ALL (SELECT height FROM player WHERE team_id = 1002);
+-----------+---------------+--------+
| player_id | player_name   | height |
+-----------+---------------+--------+
|     10004 | 索恩-马克     |   2.16 |
+-----------+---------------+--------+
1 row in set (0.00 sec)
```

我们能看到比印第安纳步行者所有球员都高的球员，在 player 这张表（一共 37 个球员）中只有索恩·马克。

需要强调的是 ANY、ALL 关键字必须与一个比较操作符一起使用。因为如果你不使用比较操作符，就起不到集合比较的作用，那么使用 ANY 和 ALL 就没有任何意义。

## 四、将子查询作为计算字段

我刚才讲了子查询的几种用法，实际上子查询也可以作为主查询的计算字段。比如我想查询每个球队的球员数，也就是对应 team 这张表，我需要查询相同的 team_id 在 player 这张表中所有的球员数量是多少。

```mysql
mysql> SELECT team_name, (SELECT count(*) FROM player WHERE player.team_id = team.team_id) AS player_num FROM team;
+-----------------------+------------+
| team_name             | player_num |
+-----------------------+------------+
| 底特律活塞            |         20 |
| 印第安纳步行者        |         17 |
| 亚特兰大老鹰          |          0 |
+-----------------------+------------+
3 rows in set (0.00 sec)
```

你能看到，在 player 表中只有底特律活塞和印第安纳步行者的球员数据，所以它们的 player_num 不为 0，而亚特兰大老鹰的 player_num 等于 0。在查询的时候，我将子查询`SELECT count(*) FROM player WHERE player.team_id = team.team_id`作为了计算字段，通常我们需要给这个计算字段起一个别名，这里我用的是 player_num，因为子查询的语句比较长，使用别名更容易理解。

## 总结

今天我讲解了子查询的使用，按照子查询执行的次数，我们可以将子查询分成关联子查询和非关联子查询，其中非关联子查询与主查询的执行无关，只需要执行一次即可，而关联子查询，则需要将主查询的字段值传入子查询中进行关联查询。

同时，在子查询中你可能会使用到 EXISTS、IN、ANY、ALL 和 SOME 等关键字。在某些情况下使用 EXISTS 和 IN 可以得到相同的效果，具体使用哪个执行效率更高，则需要看字段的索引情况以及表 A 和表 B 哪个表更大。同样，IN、ANY、ALL、SOME 这些关键字是用于集合比较的，SOME 是 ANY 的别名，当我们使用 ANY 或 ALL 的时候，一定要使用比较操作符。

最后，我讲解了如何使用子查询作为计算字段，把子查询的结果作为主查询的列。

SQL 中，子查询的使用大大增强了 SELECT 查询的能力，因为很多时候查询需要从结果集中获取数据，或者需要从同一个表中先计算得出一个数据结果，然后与这个数据结果（可能是某个标量，也可能是某个集合）进行比较。

![image-20220911153125407](09%E4%B8%A8%E5%AD%90%E6%9F%A5%E8%AF%A2%EF%BC%9A%E5%AD%90%E6%9F%A5%E8%AF%A2%E7%9A%84%E7%A7%8D%E7%B1%BB%E9%83%BD%E6%9C%89%E5%93%AA%E4%BA%9B%EF%BC%8C%E5%A6%82%E4%BD%95%E6%8F%90%E9%AB%98%E5%AD%90%E6%9F%A5%E8%AF%A2%E7%9A%84%E6%80%A7%E8%83%BD%EF%BC%9F.resource/image-20220911153125407.png)

我今天讲解了子查询的使用，其中讲到了 EXISTS 和 IN 子查询效率的比较，当查询字段进行了索引时，主表 A 大于从表 B，使用 IN 子查询效率更高，相反主表 A 小于从表 B 时，使用 EXISTS 子查询效率更高，同样，如果使用 NOT IN 子查询和 NOT EXISTS 子查询，在什么情况下，哪个效率更高呢？

最后请你使用子查询，编写 SQL 语句，得到场均得分大于 20 的球员。场均得分从 player_score 表中获取，同时你需要输出球员的 ID、球员姓名以及所在球队的 ID 信息。

欢迎在评论区写下你的思考，也欢迎点击请朋友读把这篇文章分享给你的朋友或者同事。